Datetime,Water Level (m)
2025-03-23 06:00:00,-0.75431657
2025-03-23 07:00:00,-0.66188836
2025-03-23 08:00:00,-0.45478207
2025-03-23 09:00:00,-0.24797644
2025-03-23 10:00:00,-0.09395773
2025-03-23 11:00:00,0.029642437
2025-03-23 12:00:00,0.11074692
2025-03-23 13:00:00,0.1240403
2025-03-23 14:00:00,0.06440629
2025-03-23 15:00:00,-0.064855404
2025-03-23 16:00:00,-0.23055844
2025-03-23 17:00:00,-0.36939186
2025-03-23 18:00:00,-0.46155652
2025-03-23 19:00:00,-0.5193125
2025-03-23 20:00:00,-0.53650486
2025-03-23 21:00:00,-0.52020246
2025-03-23 22:00:00,-0.48998055
2025-03-23 23:00:00,-0.39907667
2025-03-24 00:00:00,-0.29670945
2025-03-24 01:00:00,-0.26494154
2025-03-24 02:00:00,-0.28545818
2025-03-24 03:00:00,-0.3588645
2025-03-24 04:00:00,-0.4660761
2025-03-24 05:00:00,-0.58658874
2025-03-24 06:00:00,-0.6823502
2025-03-24 07:00:00,-0.7477361
2025-03-24 08:00:00,-0.7647378
2025-03-24 09:00:00,-0.69764984
2025-03-24 10:00:00,-0.48158714
2025-03-24 11:00:00,-0.21712276
2025-03-24 12:00:00,0.010472642
2025-03-24 13:00:00,0.1645212
2025-03-24 14:00:00,0.23498228
2025-03-24 15:00:00,0.21801163
2025-03-24 16:00:00,0.11105994
2025-03-24 17:00:00,-0.08803705
2025-03-24 18:00:00,-0.313574
2025-03-24 19:00:00,-0.49468905
2025-03-24 20:00:00,-0.6301375
2025-03-24 21:00:00,-0.7185934
2025-03-24 22:00:00,-0.7554569
2025-03-24 23:00:00,-0.68432605
2025-03-25 00:00:00,-0.4404993
2025-03-25 01:00:00,-0.19858593
2025-03-25 02:00:00,-0.059919327
2025-03-25 03:00:00,-0.015073192
2025-03-25 04:00:00,-0.076387115
2025-03-25 05:00:00,-0.22550875
2025-03-25 06:00:00,-0.43673262
2025-03-25 07:00:00,-0.6158068
2025-03-25 08:00:00,-0.73752224
2025-03-25 09:00:00,-0.80594414
2025-03-25 10:00:00,-0.81189126
2025-03-25 11:00:00,-0.6537449
2025-03-25 12:00:00,-0.25325784
2025-03-25 13:00:00,0.08541741
2025-03-25 14:00:00,0.32836387
2025-03-25 15:00:00,0.4532414
2025-03-25 16:00:00,0.44282293
2025-03-25 17:00:00,0.2827978
2025-03-25 18:00:00,-0.0014139037
2025-03-25 19:00:00,-0.30817962
2025-03-25 20:00:00,-0.525043
2025-03-25 21:00:00,-0.6874474
2025-03-25 22:00:00,-0.7936873
2025-03-25 23:00:00,-0.8558001
2025-03-26 00:00:00,-0.7662477
2025-03-26 01:00:00,-0.3567177
2025-03-26 02:00:00,-0.015589623
2025-03-26 03:00:00,0.20664369
2025-03-26 04:00:00,0.3114746
2025-03-26 05:00:00,0.24878022
2025-03-26 06:00:00,0.03335877
2025-03-26 07:00:00,-0.272536
2025-03-26 08:00:00,-0.5010378
2025-03-26 09:00:00,-0.6565054
2025-03-26 10:00:00,-0.7719006
2025-03-26 11:00:00,-0.8401255
2025-03-26 12:00:00,-0.71575284
2025-03-26 13:00:00,-0.19501019
2025-03-26 14:00:00,0.22721173
2025-03-26 15:00:00,0.5346612
2025-03-26 16:00:00,0.7145189
2025-03-26 17:00:00,0.6913786
2025-03-26 18:00:00,0.47410384
2025-03-26 19:00:00,0.09601938
2025-03-26 20:00:00,-0.2467281
2025-03-26 21:00:00,-0.47521684
2025-03-26 22:00:00,-0.64338815
2025-03-26 23:00:00,-0.7744006
2025-03-27 00:00:00,-0.8644514
2025-03-27 01:00:00,-0.6885848
2025-03-27 02:00:00,-0.14129394
2025-03-27 03:00:00,0.2715235
2025-03-27 04:00:00,0.55806214
2025-03-27 05:00:00,0.66234
2025-03-27 06:00:00,0.5186426
2025-03-27 07:00:00,0.17210613
2025-03-27 08:00:00,-0.2047103
2025-03-27 09:00:00,-0.44235617
2025-03-27 10:00:00,-0.6121862
2025-03-27 11:00:00,-0.7401104
2025-03-27 12:00:00,-0.82663584
2025-03-27 13:00:00,-0.664533
2025-03-27 14:00:00,-0.037788413
2025-03-27 15:00:00,0.4373804
2025-03-27 16:00:00,0.8198876
2025-03-27 17:00:00,0.9914942
2025-03-27 18:00:00,0.9009902
2025-03-27 19:00:00,0.54674304
2025-03-27 20:00:00,0.087873735
2025-03-27 21:00:00,-0.23859553
2025-03-27 22:00:00,-0.45896283
2025-03-27 23:00:00,-0.6264301
2025-03-28 00:00:00,-0.7580759
2025-03-28 01:00:00,-0.8262164
2025-03-28 02:00:00,-0.445518
2025-03-28 03:00:00,0.1312896
2025-03-28 04:00:00,0.5573175
2025-03-28 05:00:00,0.8812508
2025-03-28 06:00:00,0.92720246
2025-03-28 07:00:00,0.6864199
2025-03-28 08:00:00,0.228255
2025-03-28 09:00:00,-0.15195814
2025-03-28 10:00:00,-0.3925916
2025-03-28 11:00:00,-0.56873906
2025-03-28 12:00:00,-0.7125214
2025-03-28 13:00:00,-0.8097582
2025-03-28 14:00:00,-0.4765721
2025-03-28 15:00:00,0.17241743
2025-03-28 16:00:00,0.6499879
2025-03-28 17:00:00,1.0241414
2025-03-28 18:00:00,1.1115669
2025-03-28 19:00:00,0.89778084
2025-03-28 20:00:00,0.4184532
2025-03-28 21:00:00,-0.008035755
2025-03-28 22:00:00,-0.29737535
2025-03-28 23:00:00,-0.50671446
2025-03-29 00:00:00,-0.6761028
2025-03-29 01:00:00,-0.8161809
2025-03-29 02:00:00,-0.8501187
2025-03-29 03:00:00,-0.2450696
2025-03-29 04:00:00,0.35662055
2025-03-29 05:00:00,0.7963887
2025-03-29 06:00:00,1.0840026
